{
    "wp_1": [0.21674, 0.0925, 0.2, 3.141, 0, 1.569],
    "wp_2": [0.20785, 0.114, 0.2, 3.141, 0, 1.569],
    "wp_3": [0.164850, 0.157, 0.2, 3.141, 0, 1.569],
}